"country_region","date","mm7"
"Argentina","2020-01-22","0.00"
"Argentina","2020-01-23","0.00"
"Argentina","2020-01-24","0.00"
"Argentina","2020-01-25","0.00"
"Argentina","2020-01-26","0.00"
"Argentina","2020-01-27","0.00"
"Argentina","2020-01-28","0.00"
"Argentina","2020-01-29","0.00"
"Argentina","2020-01-30","0.00"
"Argentina","2020-01-31","0.00"
"Argentina","2020-02-01","0.00"
"Argentina","2020-02-02","0.00"
"Argentina","2020-02-03","0.00"
"Argentina","2020-02-04","0.00"
"Argentina","2020-02-05","0.00"
"Argentina","2020-02-06","0.00"
"Argentina","2020-02-07","0.00"
"Argentina","2020-02-08","0.00"
"Argentina","2020-02-09","0.00"
"Argentina","2020-02-10","0.00"
"Argentina","2020-02-11","0.00"
"Argentina","2020-02-12","0.00"
"Argentina","2020-02-13","0.00"
"Argentina","2020-02-14","0.00"
"Argentina","2020-02-15","0.00"
"Argentina","2020-02-16","0.00"
"Argentina","2020-02-17","0.00"
"Argentina","2020-02-18","0.00"
"Argentina","2020-02-19","0.00"
"Argentina","2020-02-20","0.00"
"Argentina","2020-02-21","0.00"
"Argentina","2020-02-22","0.00"
"Argentina","2020-02-23","0.00"
"Argentina","2020-02-24","0.00"
"Argentina","2020-02-25","0.00"
"Argentina","2020-02-26","0.00"
"Argentina","2020-02-27","0.00"
"Argentina","2020-02-28","0.00"
"Argentina","2020-02-29","0.00"
"Argentina","2020-03-01","0.00"
"Argentina","2020-03-02","0.00"
"Argentina","2020-03-03","0.14"
"Argentina","2020-03-04","0.14"
"Argentina","2020-03-05","0.14"
"Argentina","2020-03-06","0.29"
"Argentina","2020-03-07","1.14"
"Argentina","2020-03-08","1.71"
"Argentina","2020-03-09","1.71"
"Argentina","2020-03-10","2.29"
"Argentina","2020-03-11","2.57"
"Argentina","2020-03-12","2.57"
"Argentina","2020-03-13","4.14"
"Argentina","2020-03-14","3.71"
"Argentina","2020-03-15","4.71"
"Argentina","2020-03-16","6.29"
"Argentina","2020-03-17","7.29"
"Argentina","2020-03-18","8.57"
"Argentina","2020-03-19","11.14"
"Argentina","2020-03-20","13.86"
"Argentina","2020-03-21","17.71"
"Argentina","2020-03-22","31.57"
"Argentina","2020-03-23","35.00"
"Argentina","2020-03-24","45.57"
"Argentina","2020-03-25","44.00"
"Argentina","2020-03-26","57.86"
"Argentina","2020-03-27","65.86"
"Argentina","2020-03-28","76.00"
"Argentina","2020-03-29","68.43"
"Argentina","2020-03-30","74.14"
"Argentina","2020-03-31","95.29"
"Argentina","2020-04-01","95.29"
"Argentina","2020-04-02","90.14"
"Argentina","2020-04-03","96.57"
"Argentina","2020-04-04","108.71"
"Argentina","2020-04-05","100.86"
"Argentina","2020-04-06","104.86"
"Argentina","2020-04-07","82.00"
"Argentina","2020-04-08","94.43"
"Argentina","2020-04-09","94.57"
"Argentina","2020-04-10","101.43"
"Argentina","2020-04-11","74.86"
"Argentina","2020-04-12","98.71"
"Argentina","2020-04-13","93.43"
"Argentina","2020-04-14","92.71"
"Argentina","2020-04-15","104.00"
"Argentina","2020-04-16","110.86"
"Argentina","2020-04-17","99.14"
"Argentina","2020-04-18","111.86"
"Argentina","2020-04-19","99.57"
"Argentina","2020-04-20","104.71"
"Argentina","2020-04-21","107.71"
"Argentina","2020-04-22","100.14"
"Argentina","2020-04-23","123.43"
"Argentina","2020-04-24","134.00"
"Argentina","2020-04-25","146.00"
"Argentina","2020-04-26","150.43"
"Argentina","2020-04-27","151.71"
"Argentina","2020-04-28","156.57"
"Argentina","2020-04-29","163.00"
"Argentina","2020-04-30","141.86"
"Argentina","2020-05-01","132.14"
"Argentina","2020-05-02","128.71"
"Argentina","2020-05-03","127.29"
"Argentina","2020-05-04","126.29"
"Argentina","2020-05-05","127.57"
"Argentina","2020-05-06","131.86"
"Argentina","2020-05-07","134.71"
"Argentina","2020-05-08","154.14"
"Argentina","2020-05-09","156.43"
"Argentina","2020-05-10","178.71"
"Argentina","2020-05-11","198.71"
"Argentina","2020-05-12","220.43"
"Argentina","2020-05-13","238.71"
"Argentina","2020-05-14","251.86"
"Argentina","2020-05-15","266.86"
"Argentina","2020-05-16","289.86"
"Argentina","2020-05-17","290.57"
"Argentina","2020-05-18","299.00"
"Argentina","2020-05-19","320.86"
"Argentina","2020-05-20","343.43"
"Argentina","2020-05-21","399.57"
"Argentina","2020-05-22","452.86"
"Argentina","2020-05-23","506.86"
"Argentina","2020-05-24","572.57"
"Argentina","2020-05-25","608.14"
"Argentina","2020-05-26","631.29"
"Argentina","2020-05-27","664.29"
"Argentina","2020-05-28","681.57"
"Argentina","2020-05-29","681.43"
"Argentina","2020-05-30","694.43"
"Argentina","2020-05-31","682.14"
"Argentina","2020-06-01","683.86"
"Argentina","2020-06-02","727.29"
"Argentina","2020-06-03","762.14"
"Argentina","2020-06-04","785.00"
"Argentina","2020-06-05","802.57"
"Argentina","2020-06-06","829.43"
"Argentina","2020-06-07","849.00"
"Argentina","2020-06-08","886.43"
"Argentina","2020-06-09","920.29"
"Argentina","2020-06-10","959.86"
"Argentina","2020-06-11","1025.14"
"Argentina","2020-06-12","1103.86"
"Argentina","2020-06-13","1182.14"
"Argentina","2020-06-14","1254.71"
"Argentina","2020-06-15","1309.29"
"Argentina","2020-06-16","1342.57"
"Argentina","2020-06-17","1366.43"
"Argentina","2020-06-18","1448.14"
"Argentina","2020-06-19","1543.71"
"Argentina","2020-06-20","1558.43"
"Argentina","2020-06-21","1601.14"
"Argentina","2020-06-22","1735.14"
"Argentina","2020-06-23","1863.43"
"Argentina","2020-06-24","2042.71"
"Argentina","2020-06-25","2135.29"
"Argentina","2020-06-26","2253.29"
"Argentina","2020-06-27","2362.86"
"Argentina","2020-06-28","2449.71"
"Argentina","2020-06-29","2476.71"
"Argentina","2020-06-30","2475.29"
"Argentina","2020-07-01","2478.00"
"Argentina","2020-07-02","2497.71"
"Argentina","2020-07-03","2491.86"
"Argentina","2020-07-04","2518.86"
"Argentina","2020-07-05","2554.57"
"Argentina","2020-07-06","2597.00"
"Argentina","2020-07-07","2699.43"
"Argentina","2020-07-08","2833.29"
"Argentina","2020-07-09","2964.57"
"Argentina","2020-07-10","3039.14"
"Argentina","2020-07-11","3161.86"
"Argentina","2020-07-12","3193.00"
"Argentina","2020-07-13","3259.71"
"Argentina","2020-07-14","3354.86"
"Argentina","2020-07-15","3445.14"
"Argentina","2020-07-16","3441.43"
"Argentina","2020-07-17","3605.86"
"Argentina","2020-07-18","3573.57"
"Argentina","2020-07-19","3798.43"
"Argentina","2020-07-20","3929.86"
"Argentina","2020-07-21","4172.57"
"Argentina","2020-07-22","4393.43"
"Argentina","2020-07-23","4749.14"
"Argentina","2020-07-24","4888.43"
"Argentina","2020-07-25","5115.71"
"Argentina","2020-07-26","5110.14"
"Argentina","2020-07-27","5234.57"
"Bolivia","2020-01-22","0.00"
"Bolivia","2020-01-23","0.00"
"Bolivia","2020-01-24","0.00"
"Bolivia","2020-01-25","0.00"
"Bolivia","2020-01-26","0.00"
"Bolivia","2020-01-27","0.00"
"Bolivia","2020-01-28","0.00"
"Bolivia","2020-01-29","0.00"
"Bolivia","2020-01-30","0.00"
"Bolivia","2020-01-31","0.00"
"Bolivia","2020-02-01","0.00"
"Bolivia","2020-02-02","0.00"
"Bolivia","2020-02-03","0.00"
"Bolivia","2020-02-04","0.00"
"Bolivia","2020-02-05","0.00"
"Bolivia","2020-02-06","0.00"
"Bolivia","2020-02-07","0.00"
"Bolivia","2020-02-08","0.00"
"Bolivia","2020-02-09","0.00"
"Bolivia","2020-02-10","0.00"
"Bolivia","2020-02-11","0.00"
"Bolivia","2020-02-12","0.00"
"Bolivia","2020-02-13","0.00"
"Bolivia","2020-02-14","0.00"
"Bolivia","2020-02-15","0.00"
"Bolivia","2020-02-16","0.00"
"Bolivia","2020-02-17","0.00"
"Bolivia","2020-02-18","0.00"
"Bolivia","2020-02-19","0.00"
"Bolivia","2020-02-20","0.00"
"Bolivia","2020-02-21","0.00"
"Bolivia","2020-02-22","0.00"
"Bolivia","2020-02-23","0.00"
"Bolivia","2020-02-24","0.00"
"Bolivia","2020-02-25","0.00"
"Bolivia","2020-02-26","0.00"
"Bolivia","2020-02-27","0.00"
"Bolivia","2020-02-28","0.00"
"Bolivia","2020-02-29","0.00"
"Bolivia","2020-03-01","0.00"
"Bolivia","2020-03-02","0.00"
"Bolivia","2020-03-03","0.00"
"Bolivia","2020-03-04","0.00"
"Bolivia","2020-03-05","0.00"
"Bolivia","2020-03-06","0.00"
"Bolivia","2020-03-07","0.00"
"Bolivia","2020-03-08","0.00"
"Bolivia","2020-03-09","0.00"
"Bolivia","2020-03-10","0.00"
"Bolivia","2020-03-11","0.29"
"Bolivia","2020-03-12","0.29"
"Bolivia","2020-03-13","0.43"
"Bolivia","2020-03-14","1.43"
"Bolivia","2020-03-15","1.43"
"Bolivia","2020-03-16","1.57"
"Bolivia","2020-03-17","1.57"
"Bolivia","2020-03-18","1.43"
"Bolivia","2020-03-19","1.43"
"Bolivia","2020-03-20","1.71"
"Bolivia","2020-03-21","1.29"
"Bolivia","2020-03-22","2.00"
"Bolivia","2020-03-23","2.29"
"Bolivia","2020-03-24","2.57"
"Bolivia","2020-03-25","2.86"
"Bolivia","2020-03-26","4.43"
"Bolivia","2020-03-27","6.57"
"Bolivia","2020-03-28","7.86"
"Bolivia","2020-03-29","8.14"
"Bolivia","2020-03-30","10.00"
"Bolivia","2020-03-31","11.14"
"Bolivia","2020-04-01","11.86"
"Bolivia","2020-04-02","11.43"
"Bolivia","2020-04-03","10.14"
"Bolivia","2020-04-04","9.29"
"Bolivia","2020-04-05","10.86"
"Bolivia","2020-04-06","12.29"
"Bolivia","2020-04-07","12.43"
"Bolivia","2020-04-08","13.57"
"Bolivia","2020-04-09","20.14"
"Bolivia","2020-04-10","19.43"
"Bolivia","2020-04-11","19.43"
"Bolivia","2020-04-12","20.43"
"Bolivia","2020-04-13","21.00"
"Bolivia","2020-04-14","22.86"
"Bolivia","2020-04-15","26.71"
"Bolivia","2020-04-16","25.29"
"Bolivia","2020-04-17","28.14"
"Bolivia","2020-04-18","31.14"
"Bolivia","2020-04-19","31.43"
"Bolivia","2020-04-20","33.43"
"Bolivia","2020-04-21","34.86"
"Bolivia","2020-04-22","30.29"
"Bolivia","2020-04-23","37.43"
"Bolivia","2020-04-24","48.86"
"Bolivia","2020-04-25","53.29"
"Bolivia","2020-04-26","61.43"
"Bolivia","2020-04-27","64.29"
"Bolivia","2020-04-28","65.00"
"Bolivia","2020-04-29","71.57"
"Bolivia","2020-04-30","66.29"
"Bolivia","2020-05-01","60.29"
"Bolivia","2020-05-02","86.29"
"Bolivia","2020-05-03","92.00"
"Bolivia","2020-05-04","95.29"
"Bolivia","2020-05-05","107.00"
"Bolivia","2020-05-06","110.86"
"Bolivia","2020-05-07","130.57"
"Bolivia","2020-05-08","148.14"
"Bolivia","2020-05-09","138.14"
"Bolivia","2020-05-10","137.43"
"Bolivia","2020-05-11","164.29"
"Bolivia","2020-05-12","166.00"
"Bolivia","2020-05-13","180.29"
"Bolivia","2020-05-14","184.43"
"Bolivia","2020-05-15","187.29"
"Bolivia","2020-05-16","198.43"
"Bolivia","2020-05-17","218.86"
"Bolivia","2020-05-18","204.57"
"Bolivia","2020-05-19","216.71"
"Bolivia","2020-05-20","253.00"
"Bolivia","2020-05-21","259.29"
"Bolivia","2020-05-22","286.00"
"Bolivia","2020-05-23","298.43"
"Bolivia","2020-05-24","310.71"
"Bolivia","2020-05-25","342.43"
"Bolivia","2020-05-26","379.29"
"Bolivia","2020-05-27","407.00"
"Bolivia","2020-05-28","457.14"
"Bolivia","2020-05-29","450.29"
"Bolivia","2020-05-30","525.29"
"Bolivia","2020-05-31","531.29"
"Bolivia","2020-06-01","553.00"
"Bolivia","2020-06-02","550.71"
"Bolivia","2020-06-03","552.86"
"Bolivia","2020-06-04","551.14"
"Bolivia","2020-06-05","571.00"
"Bolivia","2020-06-06","538.00"
"Bolivia","2020-06-07","523.00"
"Bolivia","2020-06-08","488.29"
"Bolivia","2020-06-09","521.86"
"Bolivia","2020-06-10","520.43"
"Bolivia","2020-06-11","560.00"
"Bolivia","2020-06-12","600.14"
"Bolivia","2020-06-13","640.57"
"Bolivia","2020-06-14","688.00"
"Bolivia","2020-06-15","732.00"
"Bolivia","2020-06-16","748.43"
"Bolivia","2020-06-17","772.00"
"Bolivia","2020-06-18","762.00"
"Bolivia","2020-06-19","792.43"
"Bolivia","2020-06-20","810.00"
"Bolivia","2020-06-21","847.00"
"Bolivia","2020-06-22","917.14"
"Bolivia","2020-06-23","929.43"
"Bolivia","2020-06-24","971.71"
"Bolivia","2020-06-25","1000.57"
"Bolivia","2020-06-26","992.43"
"Bolivia","2020-06-27","1023.43"
"Bolivia","2020-06-28","1019.43"
"Bolivia","2020-06-29","947.43"
"Bolivia","2020-06-30","975.71"
"Bolivia","2020-07-01","962.86"
"Bolivia","2020-07-02","1003.57"
"Bolivia","2020-07-03","1056.43"
"Bolivia","2020-07-04","1056.43"
"Bolivia","2020-07-05","1110.43"
"Bolivia","2020-07-06","1197.71"
"Bolivia","2020-07-07","1189.43"
"Bolivia","2020-07-08","1251.00"
"Bolivia","2020-07-09","1226.43"
"Bolivia","2020-07-10","1249.57"
"Bolivia","2020-07-11","1304.14"
"Bolivia","2020-07-12","1270.00"
"Bolivia","2020-07-13","1248.71"
"Bolivia","2020-07-14","1331.71"
"Bolivia","2020-07-15","1319.14"
"Bolivia","2020-07-16","1434.71"
"Bolivia","2020-07-17","1505.29"
"Bolivia","2020-07-18","1562.57"
"Bolivia","2020-07-19","1627.86"
"Bolivia","2020-07-20","1677.29"
"Bolivia","2020-07-21","1641.43"
"Bolivia","2020-07-22","1702.43"
"Bolivia","2020-07-23","1585.14"
"Bolivia","2020-07-24","1479.14"
"Bolivia","2020-07-25","1449.00"
"Bolivia","2020-07-26","1406.71"
"Bolivia","2020-07-27","1455.71"
"Brazil","2020-01-22","0.00"
"Brazil","2020-01-23","0.00"
"Brazil","2020-01-24","0.00"
"Brazil","2020-01-25","0.00"
"Brazil","2020-01-26","0.00"
"Brazil","2020-01-27","0.00"
"Brazil","2020-01-28","0.00"
"Brazil","2020-01-29","0.00"
"Brazil","2020-01-30","0.00"
"Brazil","2020-01-31","0.00"
"Brazil","2020-02-01","0.00"
"Brazil","2020-02-02","0.00"
"Brazil","2020-02-03","0.00"
"Brazil","2020-02-04","0.00"
"Brazil","2020-02-05","0.00"
"Brazil","2020-02-06","0.00"
"Brazil","2020-02-07","0.00"
"Brazil","2020-02-08","0.00"
"Brazil","2020-02-09","0.00"
"Brazil","2020-02-10","0.00"
"Brazil","2020-02-11","0.00"
"Brazil","2020-02-12","0.00"
"Brazil","2020-02-13","0.00"
"Brazil","2020-02-14","0.00"
"Brazil","2020-02-15","0.00"
"Brazil","2020-02-16","0.00"
"Brazil","2020-02-17","0.00"
"Brazil","2020-02-18","0.00"
"Brazil","2020-02-19","0.00"
"Brazil","2020-02-20","0.00"
"Brazil","2020-02-21","0.00"
"Brazil","2020-02-22","0.00"
"Brazil","2020-02-23","0.00"
"Brazil","2020-02-24","0.00"
"Brazil","2020-02-25","0.00"
"Brazil","2020-02-26","0.14"
"Brazil","2020-02-27","0.14"
"Brazil","2020-02-28","0.14"
"Brazil","2020-02-29","0.29"
"Brazil","2020-03-01","0.29"
"Brazil","2020-03-02","0.29"
"Brazil","2020-03-03","0.29"
"Brazil","2020-03-04","0.43"
"Brazil","2020-03-05","0.43"
"Brazil","2020-03-06","1.71"
"Brazil","2020-03-07","1.57"
"Brazil","2020-03-08","2.57"
"Brazil","2020-03-09","3.29"
"Brazil","2020-03-10","4.14"
"Brazil","2020-03-11","4.86"
"Brazil","2020-03-12","6.86"
"Brazil","2020-03-13","19.71"
"Brazil","2020-03-14","19.71"
"Brazil","2020-03-15","20.29"
"Brazil","2020-03-16","25.00"
"Brazil","2020-03-17","41.43"
"Brazil","2020-03-18","47.71"
"Brazil","2020-03-19","81.29"
"Brazil","2020-03-20","91.71"
"Brazil","2020-03-21","124.29"
"Brazil","2020-03-22","197.71"
"Brazil","2020-03-23","246.29"
"Brazil","2020-03-24","275.14"
"Brazil","2020-03-25","311.71"
"Brazil","2020-03-26","337.71"
"Brazil","2020-03-27","374.86"
"Brazil","2020-03-28","411.86"
"Brazil","2020-03-29","387.14"
"Brazil","2020-03-30","379.29"
"Brazil","2020-03-31","495.71"
"Brazil","2020-04-01","611.71"
"Brazil","2020-04-02","722.71"
"Brazil","2020-04-03","805.57"
"Brazil","2020-04-04","922.29"
"Brazil","2020-04-05","982.00"
"Brazil","2020-04-06","1083.14"
"Brazil","2020-04-07","1188.14"
"Brazil","2020-04-08","1333.43"
"Brazil","2020-04-09","1435.43"
"Brazil","2020-04-10","1511.71"
"Brazil","2020-04-11","1481.00"
"Brazil","2020-04-12","1580.29"
"Brazil","2020-04-13","1609.86"
"Brazil","2020-04-14","1604.00"
"Brazil","2020-04-15","1735.71"
"Brazil","2020-04-16","1761.86"
"Brazil","2020-04-17","2006.29"
"Brazil","2020-04-18","2275.86"
"Brazil","2020-04-19","2351.71"
"Brazil","2020-04-20","2473.29"
"Brazil","2020-04-21","2545.29"
"Brazil","2020-04-22","2491.00"
"Brazil","2020-04-23","2801.57"
"Brazil","2020-04-24","2908.71"
"Brazil","2020-04-25","3238.00"
"Brazil","2020-04-26","3492.29"
"Brazil","2020-04-27","3814.71"
"Brazil","2020-04-28","4308.00"
"Brazil","2020-04-29","4846.86"
"Brazil","2020-04-30","5307.29"
"Brazil","2020-05-01","5451.29"
"Brazil","2020-05-02","5396.57"
"Brazil","2020-05-03","5532.29"
"Brazil","2020-05-04","5882.00"
"Brazil","2020-05-05","6031.43"
"Brazil","2020-05-06","6703.71"
"Brazil","2020-05-07","6940.86"
"Brazil","2020-05-08","7813.14"
"Brazil","2020-05-09","8423.00"
"Brazil","2020-05-10","8696.14"
"Brazil","2020-05-11","8710.57"
"Brazil","2020-05-12","8965.57"
"Brazil","2020-05-13","9075.14"
"Brazil","2020-05-14","9627.43"
"Brazil","2020-05-15","10485.29"
"Brazil","2020-05-16","11064.29"
"Brazil","2020-05-17","11197.29"
"Brazil","2020-05-18","12253.43"
"Brazil","2020-05-19","13381.57"
"Brazil","2020-05-20","14491.71"
"Brazil","2020-05-21","15274.57"
"Brazil","2020-05-22","15799.86"
"Brazil","2020-05-23","16269.57"
"Brazil","2020-05-24","17447.29"
"Brazil","2020-05-25","17075.71"
"Brazil","2020-05-26","17048.14"
"Brazil","2020-05-27","17177.43"
"Brazil","2020-05-28","18307.29"
"Brazil","2020-05-29","19182.29"
"Brazil","2020-05-30","21577.43"
"Brazil","2020-05-31","21662.57"
"Brazil","2020-06-01","21649.86"
"Brazil","2020-06-02","23451.57"
"Brazil","2020-06-03","24599.29"
"Brazil","2020-06-04","25243.29"
"Brazil","2020-06-05","25800.71"
"Brazil","2020-06-06","24915.14"
"Brazil","2020-06-07","25272.71"
"Brazil","2020-06-08","25852.14"
"Brazil","2020-06-09","26302.86"
"Brazil","2020-06-10","26914.29"
"Brazil","2020-06-11","26841.00"
"Brazil","2020-06-12","26148.43"
"Brazil","2020-06-13","25381.14"
"Brazil","2020-06-14","25123.71"
"Brazil","2020-06-15","25837.00"
"Brazil","2020-06-16","26240.86"
"Brazil","2020-06-17","26137.29"
"Brazil","2020-06-18","25044.86"
"Brazil","2020-06-19","29157.57"
"Brazil","2020-06-20","31009.29"
"Brazil","2020-06-21","30816.71"
"Brazil","2020-06-22","31171.29"
"Brazil","2020-06-23","31816.71"
"Brazil","2020-06-24","33322.00"
"Brazil","2020-06-25","35710.29"
"Brazil","2020-06-26","34580.14"
"Brazil","2020-06-27","35155.43"
"Brazil","2020-06-28","37257.43"
"Brazil","2020-06-29","37389.29"
"Brazil","2020-06-30","36590.71"
"Brazil","2020-07-01","37160.29"
"Brazil","2020-07-02","38392.00"
"Brazil","2020-07-03","37729.57"
"Brazil","2020-07-04","37619.57"
"Brazil","2020-07-05","36987.43"
"Brazil","2020-07-06","36441.29"
"Brazil","2020-07-07","38078.29"
"Brazil","2020-07-08","37772.43"
"Brazil","2020-07-09","36988.71"
"Brazil","2020-07-10","37392.29"
"Brazil","2020-07-11","37549.43"
"Brazil","2020-07-12","37375.14"
"Brazil","2020-07-13","37383.29"
"Brazil","2020-07-14","36890.71"
"Brazil","2020-07-15","36226.86"
"Brazil","2020-07-16","36624.57"
"Brazil","2020-07-17","35071.57"
"Brazil","2020-07-18","33572.86"
"Brazil","2020-07-19","33386.86"
"Brazil","2020-07-20","33382.71"
"Brazil","2020-07-21","33261.43"
"Brazil","2020-07-22","37252.29"
"Brazil","2020-07-23","39332.00"
"Brazil","2020-07-24","42434.00"
"Brazil","2020-07-25","45664.71"
"Brazil","2020-07-26","45814.57"
"Brazil","2020-07-27","46247.00"
"Chile","2020-01-22","0.00"
"Chile","2020-01-23","0.00"
"Chile","2020-01-24","0.00"
"Chile","2020-01-25","0.00"
"Chile","2020-01-26","0.00"
"Chile","2020-01-27","0.00"
"Chile","2020-01-28","0.00"
"Chile","2020-01-29","0.00"
"Chile","2020-01-30","0.00"
"Chile","2020-01-31","0.00"
"Chile","2020-02-01","0.00"
"Chile","2020-02-02","0.00"
"Chile","2020-02-03","0.00"
"Chile","2020-02-04","0.00"
"Chile","2020-02-05","0.00"
"Chile","2020-02-06","0.00"
"Chile","2020-02-07","0.00"
"Chile","2020-02-08","0.00"
"Chile","2020-02-09","0.00"
"Chile","2020-02-10","0.00"
"Chile","2020-02-11","0.00"
"Chile","2020-02-12","0.00"
"Chile","2020-02-13","0.00"
"Chile","2020-02-14","0.00"
"Chile","2020-02-15","0.00"
"Chile","2020-02-16","0.00"
"Chile","2020-02-17","0.00"
"Chile","2020-02-18","0.00"
"Chile","2020-02-19","0.00"
"Chile","2020-02-20","0.00"
"Chile","2020-02-21","0.00"
"Chile","2020-02-22","0.00"
"Chile","2020-02-23","0.29"
"Chile","2020-02-24","0.29"
"Chile","2020-02-25","0.29"
"Chile","2020-02-26","0.29"
"Chile","2020-02-27","0.29"
"Chile","2020-02-28","0.29"
"Chile","2020-02-29","0.29"
"Chile","2020-03-01","1.00"
"Chile","2020-03-02","1.00"
"Chile","2020-03-03","1.14"
"Chile","2020-03-04","1.14"
"Chile","2020-03-05","1.57"
"Chile","2020-03-06","1.57"
"Chile","2020-03-07","1.57"
"Chile","2020-03-08","1.57"
"Chile","2020-03-09","1.57"
"Chile","2020-03-10","2.14"
"Chile","2020-03-11","3.57"
"Chile","2020-03-12","3.14"
"Chile","2020-03-13","6.00"
"Chile","2020-03-14","10.71"
"Chile","2020-03-15","11.57"
"Chile","2020-03-16","23.14"
"Chile","2020-03-17","29.00"
"Chile","2020-03-18","32.86"
"Chile","2020-03-19","32.86"
"Chile","2020-03-20","58.00"
"Chile","2020-03-21","72.00"
"Chile","2020-03-22","83.71"
"Chile","2020-03-23","88.43"
"Chile","2020-03-24","107.00"
"Chile","2020-03-25","133.14"
"Chile","2020-03-26","156.57"
"Chile","2020-03-27","172.00"
"Chile","2020-03-28","203.29"
"Chile","2020-03-29","222.57"
"Chile","2020-03-30","250.57"
"Chile","2020-03-31","266.71"
"Chile","2020-04-01","277.14"
"Chile","2020-04-02","307.00"
"Chile","2020-04-03","311.14"
"Chile","2020-04-04","334.29"
"Chile","2020-04-05","345.71"
"Chile","2020-04-06","350.57"
"Chile","2020-04-07","352.29"
"Chile","2020-04-08","371.86"
"Chile","2020-04-09","379.43"
"Chile","2020-04-10","407.43"
"Chile","2020-04-11","430.14"
"Chile","2020-04-12","426.71"
"Chile","2020-04-13","422.14"
"Chile","2020-04-14","435.14"
"Chile","2020-04-15","424.57"
"Chile","2020-04-16","440.00"
"Chile","2020-04-17","428.00"
"Chile","2020-04-18","461.71"
"Chile","2020-04-19","472.00"
"Chile","2020-04-20","487.29"
"Chile","2020-04-21","477.71"
"Chile","2020-04-22","493.14"
"Chile","2020-04-23","490.57"
"Chile","2020-04-24","497.57"
"Chile","2020-04-25","562.71"
"Chile","2020-04-26","579.14"
"Chile","2020-04-27","588.14"
"Chile","2020-04-28","620.57"
"Chile","2020-04-29","628.57"
"Chile","2020-04-30","717.43"
"Chile","2020-05-01","787.57"
"Chile","2020-05-02","953.71"
"Chile","2020-05-03","1061.57"
"Chile","2020-05-04","1132.71"
"Chile","2020-05-05","1250.00"
"Chile","2020-05-06","1323.14"
"Chile","2020-05-07","1379.57"
"Chile","2020-05-08","1437.57"
"Chile","2020-05-09","1570.71"
"Chile","2020-05-10","1630.57"
"Chile","2020-05-11","1661.57"
"Chile","2020-05-12","1702.29"
"Chile","2020-05-13","1934.86"
"Chile","2020-05-14","2095.71"
"Chile","2020-05-15","2254.43"
"Chile","2020-05-16","2544.00"
"Chile","2020-05-17","2644.86"
"Chile","2020-05-18","2799.29"
"Chile","2020-05-19","3065.29"
"Chile","2020-05-20","3262.14"
"Chile","2020-05-21","3448.57"
"Chile","2020-05-22","3702.00"
"Chile","2020-05-23","4324.43"
"Chile","2020-05-24","4518.14"
"Chile","2020-05-25","4892.00"
"Chile","2020-05-26","4955.43"
"Chile","2020-05-27","4996.86"
"Chile","2020-05-28","5095.43"
"Chile","2020-05-29","5012.43"
"Chile","2020-05-30","5490.43"
"Chile","2020-05-31","5650.57"
"Chile","2020-06-01","5732.71"
"Chile","2020-06-02","5670.43"
"Chile","2020-06-03","5758.14"
"Chile","2020-06-04","5759.57"
"Chile","2020-06-05","5832.71"
"Chile","2020-06-06","5947.29"
"Chile","2020-06-07","6172.29"
"Chile","2020-06-08","6061.71"
"Chile","2020-06-09","6116.71"
"Chile","2020-06-10","6224.57"
"Chile","2020-06-11","6363.43"
"Chile","2020-06-12","6727.29"
"Chile","2020-06-13","5897.57"
"Chile","2020-06-14","5973.71"
"Chile","2020-06-15","6037.57"
"Chile","2020-06-16","6194.71"
"Chile","2020-06-17","5652.29"
"Chile","2020-06-18","5486.43"
"Chile","2020-06-19","5420.14"
"Chile","2020-06-20","5016.29"
"Chile","2020-06-21","4826.14"
"Chile","2020-06-22","4749.71"
"Chile","2020-06-23","4577.00"
"Chile","2020-06-24","4826.86"
"Chile","2020-06-25","4851.57"
"Chile","2020-06-26","4566.71"
"Chile","2020-06-27","4431.14"
"Chile","2020-06-28","4232.43"
"Chile","2020-06-29","4148.00"
"Chile","2020-06-30","4089.43"
"Chile","2020-07-01","3946.71"
"Chile","2020-07-02","3639.57"
"Chile","2020-07-03","3532.71"
"Chile","2020-07-04","3440.14"
"Chile","2020-07-05","3364.29"
"Chile","2020-07-06","3222.57"
"Chile","2020-07-07","3089.43"
"Chile","2020-07-08","3005.71"
"Chile","2020-07-09","3096.43"
"Chile","2020-07-10","3026.43"
"Chile","2020-07-11","2883.14"
"Chile","2020-07-12","2787.00"
"Chile","2020-07-13","2728.57"
"Chile","2020-07-14","2639.14"
"Chile","2020-07-15","2588.86"
"Chile","2020-07-16","2497.43"
"Chile","2020-07-17","2452.14"
"Chile","2020-07-18","2402.43"
"Chile","2020-07-19","2269.86"
"Chile","2020-07-20","2196.00"
"Chile","2020-07-21","2170.00"
"Chile","2020-07-22","2171.00"
"Chile","2020-07-23","2151.57"
"Chile","2020-07-24","2123.57"
"Chile","2020-07-25","2106.57"
"Chile","2020-07-26","2122.86"
"Chile","2020-07-27","2127.71"
"Colombia","2020-01-22","0.00"
"Colombia","2020-01-23","0.00"
"Colombia","2020-01-24","0.00"
"Colombia","2020-01-25","0.00"
"Colombia","2020-01-26","0.00"
"Colombia","2020-01-27","0.00"
"Colombia","2020-01-28","0.00"
"Colombia","2020-01-29","0.00"
"Colombia","2020-01-30","0.00"
"Colombia","2020-01-31","0.00"
"Colombia","2020-02-01","0.00"
"Colombia","2020-02-02","0.00"
"Colombia","2020-02-03","0.00"
"Colombia","2020-02-04","0.00"
"Colombia","2020-02-05","0.00"
"Colombia","2020-02-06","0.00"
"Colombia","2020-02-07","0.00"
"Colombia","2020-02-08","0.00"
"Colombia","2020-02-09","0.00"
"Colombia","2020-02-10","0.00"
"Colombia","2020-02-11","0.00"
"Colombia","2020-02-12","0.00"
"Colombia","2020-02-13","0.00"
"Colombia","2020-02-14","0.00"
"Colombia","2020-02-15","0.00"
"Colombia","2020-02-16","0.00"
"Colombia","2020-02-17","0.00"
"Colombia","2020-02-18","0.00"
"Colombia","2020-02-19","0.00"
"Colombia","2020-02-20","0.00"
"Colombia","2020-02-21","0.00"
"Colombia","2020-02-22","0.00"
"Colombia","2020-02-23","0.00"
"Colombia","2020-02-24","0.00"
"Colombia","2020-02-25","0.00"
"Colombia","2020-02-26","0.00"
"Colombia","2020-02-27","0.00"
"Colombia","2020-02-28","0.00"
"Colombia","2020-02-29","0.00"
"Colombia","2020-03-01","0.00"
"Colombia","2020-03-02","0.00"
"Colombia","2020-03-03","0.00"
"Colombia","2020-03-04","0.00"
"Colombia","2020-03-05","0.00"
"Colombia","2020-03-06","0.14"
"Colombia","2020-03-07","0.14"
"Colombia","2020-03-08","0.14"
"Colombia","2020-03-09","0.14"
"Colombia","2020-03-10","0.43"
"Colombia","2020-03-11","1.29"
"Colombia","2020-03-12","1.29"
"Colombia","2020-03-13","1.71"
"Colombia","2020-03-14","3.00"
"Colombia","2020-03-15","4.71"
"Colombia","2020-03-16","8.00"
"Colombia","2020-03-17","10.29"
"Colombia","2020-03-18","13.29"
"Colombia","2020-03-19","14.14"
"Colombia","2020-03-20","20.71"
"Colombia","2020-03-21","24.86"
"Colombia","2020-03-22","28.14"
"Colombia","2020-03-23","31.43"
"Colombia","2020-03-24","43.29"
"Colombia","2020-03-25","52.57"
"Colombia","2020-03-26","54.71"
"Colombia","2020-03-27","54.43"
"Colombia","2020-03-28","58.86"
"Colombia","2020-03-29","67.29"
"Colombia","2020-03-30","74.43"
"Colombia","2020-03-31","75.43"
"Colombia","2020-04-01","85.00"
"Colombia","2020-04-02","95.71"
"Colombia","2020-04-03","104.00"
"Colombia","2020-04-04","114.00"
"Colombia","2020-04-05","111.86"
"Colombia","2020-04-06","111.57"
"Colombia","2020-04-07","124.86"
"Colombia","2020-04-08","141.29"
"Colombia","2020-04-09","151.71"
"Colombia","2020-04-10","172.29"
"Colombia","2020-04-11","186.14"
"Colombia","2020-04-12","184.43"
"Colombia","2020-04-13","181.86"
"Colombia","2020-04-14","171.29"
"Colombia","2020-04-15","150.14"
"Colombia","2020-04-16","144.29"
"Colombia","2020-04-17","138.00"
"Colombia","2020-04-18","130.29"
"Colombia","2020-04-19","145.14"
"Colombia","2020-04-20","160.71"
"Colombia","2020-04-21","167.14"
"Colombia","2020-04-22","178.71"
"Colombia","2020-04-23","189.71"
"Colombia","2020-04-24","206.00"
"Colombia","2020-04-25","217.29"
"Colombia","2020-04-26","226.71"
"Colombia","2020-04-27","231.43"
"Colombia","2020-04-28","257.14"
"Colombia","2020-04-29","264.43"
"Colombia","2020-04-30","278.00"
"Colombia","2020-05-01","303.57"
"Colombia","2020-05-02","306.14"
"Colombia","2020-05-03","327.00"
"Colombia","2020-05-04","339.43"
"Colombia","2020-05-05","380.57"
"Colombia","2020-05-06","393.14"
"Colombia","2020-05-07","421.29"
"Colombia","2020-05-08","435.00"
"Colombia","2020-05-09","458.57"
"Colombia","2020-05-10","485.00"
"Colombia","2020-05-11","520.00"
"Colombia","2020-05-12","522.71"
"Colombia","2020-05-13","567.29"
"Colombia","2020-05-14","593.43"
"Colombia","2020-05-15","595.00"
"Colombia","2020-05-16","634.86"
"Colombia","2020-05-17","644.43"
"Colombia","2020-05-18","668.86"
"Colombia","2020-05-19","666.14"
"Colombia","2020-05-20","679.57"
"Colombia","2020-05-21","674.29"
"Colombia","2020-05-22","702.14"
"Colombia","2020-05-23","748.29"
"Colombia","2020-05-24","800.14"
"Colombia","2020-05-25","812.29"
"Colombia","2020-05-26","866.86"
"Colombia","2020-05-27","916.71"
"Colombia","2020-05-28","1005.14"
"Colombia","2020-05-29","1079.57"
"Colombia","2020-05-30","1151.29"
"Colombia","2020-05-31","1172.57"
"Colombia","2020-06-01","1216.00"
"Colombia","2020-06-02","1261.43"
"Colombia","2020-06-03","1321.43"
"Colombia","2020-06-04","1393.43"
"Colombia","2020-06-05","1421.00"
"Colombia","2020-06-06","1398.71"
"Colombia","2020-06-07","1407.57"
"Colombia","2020-06-08","1460.86"
"Colombia","2020-06-09","1463.57"
"Colombia","2020-06-10","1475.43"
"Colombia","2020-06-11","1441.71"
"Colombia","2020-06-12","1460.43"
"Colombia","2020-06-13","1531.29"
"Colombia","2020-06-14","1671.86"
"Colombia","2020-06-15","1763.43"
"Colombia","2020-06-16","1836.14"
"Colombia","2020-06-17","1909.14"
"Colombia","2020-06-18","2143.57"
"Colombia","2020-06-19","2345.43"
"Colombia","2020-06-20","2412.43"
"Colombia","2020-06-21","2530.43"
"Colombia","2020-06-22","2588.57"
"Colombia","2020-06-23","2663.00"
"Colombia","2020-06-24","2866.71"
"Colombia","2020-06-25","2911.71"
"Colombia","2020-06-26","3023.71"
"Colombia","2020-06-27","3279.71"
"Colombia","2020-06-28","3302.43"
"Colombia","2020-06-29","3408.57"
"Colombia","2020-06-30","3467.71"
"Colombia","2020-07-01","3556.57"
"Colombia","2020-07-02","3644.43"
"Colombia","2020-07-03","3580.43"
"Colombia","2020-07-04","3542.57"
"Colombia","2020-07-05","3620.14"
"Colombia","2020-07-06","3605.43"
"Colombia","2020-07-07","3806.86"
"Colombia","2020-07-08","3804.14"
"Colombia","2020-07-09","3980.43"
"Colombia","2020-07-10","4467.29"
"Colombia","2020-07-11","4606.14"
"Colombia","2020-07-12","4762.14"
"Colombia","2020-07-13","4856.57"
"Colombia","2020-07-14","5057.71"
"Colombia","2020-07-15","5218.71"
"Colombia","2020-07-16","5604.71"
"Colombia","2020-07-17","5909.14"
"Colombia","2020-07-18","6438.29"
"Colombia","2020-07-19","6690.43"
"Colombia","2020-07-20","7104.00"
"Colombia","2020-07-21","7305.71"
"Colombia","2020-07-22","7608.43"
"Colombia","2020-07-23","7595.29"
"Colombia","2020-07-24","7343.00"
"Colombia","2020-07-25","7156.43"
"Colombia","2020-07-26","6216.71"
"Colombia","2020-07-27","7585.14"
"Paraguay","2020-01-22","0.00"
"Paraguay","2020-01-23","0.00"
"Paraguay","2020-01-24","0.00"
"Paraguay","2020-01-25","0.00"
"Paraguay","2020-01-26","0.00"
"Paraguay","2020-01-27","0.00"
"Paraguay","2020-01-28","0.00"
"Paraguay","2020-01-29","0.00"
"Paraguay","2020-01-30","0.00"
"Paraguay","2020-01-31","0.00"
"Paraguay","2020-02-01","0.00"
"Paraguay","2020-02-02","0.00"
"Paraguay","2020-02-03","0.00"
"Paraguay","2020-02-04","0.00"
"Paraguay","2020-02-05","0.00"
"Paraguay","2020-02-06","0.00"
"Paraguay","2020-02-07","0.00"
"Paraguay","2020-02-08","0.00"
"Paraguay","2020-02-09","0.00"
"Paraguay","2020-02-10","0.00"
"Paraguay","2020-02-11","0.00"
"Paraguay","2020-02-12","0.00"
"Paraguay","2020-02-13","0.00"
"Paraguay","2020-02-14","0.00"
"Paraguay","2020-02-15","0.00"
"Paraguay","2020-02-16","0.00"
"Paraguay","2020-02-17","0.00"
"Paraguay","2020-02-18","0.00"
"Paraguay","2020-02-19","0.00"
"Paraguay","2020-02-20","0.00"
"Paraguay","2020-02-21","0.00"
"Paraguay","2020-02-22","0.00"
"Paraguay","2020-02-23","0.00"
"Paraguay","2020-02-24","0.00"
"Paraguay","2020-02-25","0.00"
"Paraguay","2020-02-26","0.00"
"Paraguay","2020-02-27","0.00"
"Paraguay","2020-02-28","0.00"
"Paraguay","2020-02-29","0.00"
"Paraguay","2020-03-01","0.00"
"Paraguay","2020-03-02","0.00"
"Paraguay","2020-03-03","0.00"
"Paraguay","2020-03-04","0.00"
"Paraguay","2020-03-05","0.00"
"Paraguay","2020-03-06","0.00"
"Paraguay","2020-03-07","0.00"
"Paraguay","2020-03-08","0.14"
"Paraguay","2020-03-09","0.14"
"Paraguay","2020-03-10","0.14"
"Paraguay","2020-03-11","0.71"
"Paraguay","2020-03-12","0.71"
"Paraguay","2020-03-13","0.86"
"Paraguay","2020-03-14","0.86"
"Paraguay","2020-03-15","0.71"
"Paraguay","2020-03-16","1.00"
"Paraguay","2020-03-17","1.14"
"Paraguay","2020-03-18","0.86"
"Paraguay","2020-03-19","0.86"
"Paraguay","2020-03-20","1.00"
"Paraguay","2020-03-21","1.71"
"Paraguay","2020-03-22","2.29"
"Paraguay","2020-03-23","2.00"
"Paraguay","2020-03-24","2.57"
"Paraguay","2020-03-25","3.71"
"Paraguay","2020-03-26","4.29"
"Paraguay","2020-03-27","5.57"
"Paraguay","2020-03-28","5.43"
"Paraguay","2020-03-29","5.29"
"Paraguay","2020-03-30","6.00"
"Paraguay","2020-03-31","5.43"
"Paraguay","2020-04-01","4.57"
"Paraguay","2020-04-02","5.14"
"Paraguay","2020-04-03","5.71"
"Paraguay","2020-04-04","5.71"
"Paraguay","2020-04-05","6.43"
"Paraguay","2020-04-06","7.00"
"Paraguay","2020-04-07","7.14"
"Paraguay","2020-04-08","7.14"
"Paraguay","2020-04-09","6.71"
"Paraguay","2020-04-10","5.29"
"Paraguay","2020-04-11","5.29"
"Paraguay","2020-04-12","4.29"
"Paraguay","2020-04-13","4.86"
"Paraguay","2020-04-14","6.29"
"Paraguay","2020-04-15","6.00"
"Paraguay","2020-04-16","7.14"
"Paraguay","2020-04-17","10.00"
"Paraguay","2020-04-18","9.86"
"Paraguay","2020-04-19","10.29"
"Paraguay","2020-04-20","8.71"
"Paraguay","2020-04-21","7.00"
"Paraguay","2020-04-22","7.43"
"Paraguay","2020-04-23","5.57"
"Paraguay","2020-04-24","3.43"
"Paraguay","2020-04-25","3.71"
"Paraguay","2020-04-26","3.14"
"Paraguay","2020-04-27","2.86"
"Paraguay","2020-04-28","4.43"
"Paraguay","2020-04-29","3.71"
"Paraguay","2020-04-30","7.57"
"Paraguay","2020-05-01","15.71"
"Paraguay","2020-05-02","20.29"
"Paraguay","2020-05-03","24.00"
"Paraguay","2020-05-04","26.71"
"Paraguay","2020-05-05","27.43"
"Paraguay","2020-05-06","28.71"
"Paraguay","2020-05-07","28.00"
"Paraguay","2020-05-08","32.86"
"Paraguay","2020-05-09","45.57"
"Paraguay","2020-05-10","45.29"
"Paraguay","2020-05-11","44.14"
"Paraguay","2020-05-12","43.71"
"Paraguay","2020-05-13","42.86"
"Paraguay","2020-05-14","41.71"
"Paraguay","2020-05-15","28.00"
"Paraguay","2020-05-16","12.71"
"Paraguay","2020-05-17","10.43"
"Paraguay","2020-05-18","9.14"
"Paraguay","2020-05-19","13.14"
"Paraguay","2020-05-20","13.29"
"Paraguay","2020-05-21","11.71"
"Paraguay","2020-05-22","11.29"
"Paraguay","2020-05-23","10.29"
"Paraguay","2020-05-24","10.86"
"Paraguay","2020-05-25","11.00"
"Paraguay","2020-05-26","6.86"
"Paraguay","2020-05-27","7.29"
"Paraguay","2020-05-28","9.14"
"Paraguay","2020-05-29","11.29"
"Paraguay","2020-05-30","16.29"
"Paraguay","2020-05-31","17.71"
"Paraguay","2020-06-01","18.57"
"Paraguay","2020-06-02","19.43"
"Paraguay","2020-06-03","26.57"
"Paraguay","2020-06-04","26.57"
"Paraguay","2020-06-05","24.29"
"Paraguay","2020-06-06","18.00"
"Paraguay","2020-06-07","21.29"
"Paraguay","2020-06-08","21.43"
"Paraguay","2020-06-09","24.86"
"Paraguay","2020-06-10","18.86"
"Paraguay","2020-06-11","20.57"
"Paraguay","2020-06-12","23.86"
"Paraguay","2020-06-13","24.43"
"Paraguay","2020-06-14","22.00"
"Paraguay","2020-06-15","21.57"
"Paraguay","2020-06-16","16.57"
"Paraguay","2020-06-17","15.14"
"Paraguay","2020-06-18","14.29"
"Paraguay","2020-06-19","11.71"
"Paraguay","2020-06-20","14.43"
"Paraguay","2020-06-21","12.86"
"Paraguay","2020-06-22","13.71"
"Paraguay","2020-06-23","17.00"
"Paraguay","2020-06-24","31.43"
"Paraguay","2020-06-25","34.14"
"Paraguay","2020-06-26","53.57"
"Paraguay","2020-06-27","82.86"
"Paraguay","2020-06-28","106.86"
"Paraguay","2020-06-29","114.14"
"Paraguay","2020-06-30","114.14"
"Paraguay","2020-07-01","104.57"
"Paraguay","2020-07-02","104.86"
"Paraguay","2020-07-03","91.14"
"Paraguay","2020-07-04","63.29"
"Paraguay","2020-07-05","42.86"
"Paraguay","2020-07-06","37.86"
"Paraguay","2020-07-07","40.14"
"Paraguay","2020-07-08","42.00"
"Paraguay","2020-07-09","47.86"
"Paraguay","2020-07-10","55.29"
"Paraguay","2020-07-11","62.14"
"Paraguay","2020-07-12","74.43"
"Paraguay","2020-07-13","74.86"
"Paraguay","2020-07-14","81.71"
"Paraguay","2020-07-15","92.00"
"Paraguay","2020-07-16","100.57"
"Paraguay","2020-07-17","103.00"
"Paraguay","2020-07-18","115.57"
"Paraguay","2020-07-19","110.43"
"Paraguay","2020-07-20","109.71"
"Paraguay","2020-07-21","106.14"
"Paraguay","2020-07-22","114.57"
"Paraguay","2020-07-23","110.14"
"Paraguay","2020-07-24","109.57"
"Paraguay","2020-07-25","99.86"
"Paraguay","2020-07-26","103.29"
"Paraguay","2020-07-27","114.29"
"Peru","2020-01-22","0.00"
"Peru","2020-01-23","0.00"
"Peru","2020-01-24","0.00"
"Peru","2020-01-25","0.00"
"Peru","2020-01-26","0.00"
"Peru","2020-01-27","0.00"
"Peru","2020-01-28","0.00"
"Peru","2020-01-29","0.00"
"Peru","2020-01-30","0.00"
"Peru","2020-01-31","0.00"
"Peru","2020-02-01","0.00"
"Peru","2020-02-02","0.00"
"Peru","2020-02-03","0.00"
"Peru","2020-02-04","0.00"
"Peru","2020-02-05","0.00"
"Peru","2020-02-06","0.00"
"Peru","2020-02-07","0.00"
"Peru","2020-02-08","0.00"
"Peru","2020-02-09","0.00"
"Peru","2020-02-10","0.00"
"Peru","2020-02-11","0.00"
"Peru","2020-02-12","0.00"
"Peru","2020-02-13","0.00"
"Peru","2020-02-14","0.00"
"Peru","2020-02-15","0.00"
"Peru","2020-02-16","0.00"
"Peru","2020-02-17","0.00"
"Peru","2020-02-18","0.00"
"Peru","2020-02-19","0.00"
"Peru","2020-02-20","0.00"
"Peru","2020-02-21","0.00"
"Peru","2020-02-22","0.00"
"Peru","2020-02-23","0.00"
"Peru","2020-02-24","0.00"
"Peru","2020-02-25","0.00"
"Peru","2020-02-26","0.00"
"Peru","2020-02-27","0.00"
"Peru","2020-02-28","0.00"
"Peru","2020-02-29","0.00"
"Peru","2020-03-01","0.00"
"Peru","2020-03-02","0.00"
"Peru","2020-03-03","0.00"
"Peru","2020-03-04","0.00"
"Peru","2020-03-05","0.00"
"Peru","2020-03-06","0.14"
"Peru","2020-03-07","0.14"
"Peru","2020-03-08","0.86"
"Peru","2020-03-09","1.00"
"Peru","2020-03-10","1.57"
"Peru","2020-03-11","1.57"
"Peru","2020-03-12","2.14"
"Peru","2020-03-13","3.86"
"Peru","2020-03-14","5.29"
"Peru","2020-03-15","5.29"
"Peru","2020-03-16","11.29"
"Peru","2020-03-17","15.14"
"Peru","2020-03-18","19.14"
"Peru","2020-03-19","31.29"
"Peru","2020-03-20","29.43"
"Peru","2020-03-21","40.00"
"Peru","2020-03-22","45.71"
"Peru","2020-03-23","44.14"
"Peru","2020-03-24","42.71"
"Peru","2020-03-25","47.86"
"Peru","2020-03-26","49.43"
"Peru","2020-03-27","57.29"
"Peru","2020-03-28","50.43"
"Peru","2020-03-29","69.86"
"Peru","2020-03-30","79.29"
"Peru","2020-03-31","92.71"
"Peru","2020-04-01","120.43"
"Peru","2020-04-02","119.14"
"Peru","2020-04-03","137.14"
"Peru","2020-04-04","153.57"
"Peru","2020-04-05","204.14"
"Peru","2020-04-06","230.14"
"Peru","2020-04-07","269.86"
"Peru","2020-04-08","431.29"
"Peru","2020-04-09","548.86"
"Peru","2020-04-10","614.57"
"Peru","2020-04-11","728.86"
"Peru","2020-04-12","748.29"
"Peru","2020-04-13","1031.86"
"Peru","2020-04-14","1049.86"
"Peru","2020-04-15","1019.00"
"Peru","2020-04-16","1033.57"
"Peru","2020-04-17","1084.57"
"Peru","2020-04-18","1081.71"
"Peru","2020-04-19","1158.43"
"Peru","2020-04-20","934.43"
"Peru","2020-04-21","1076.29"
"Peru","2020-04-22","1110.71"
"Peru","2020-04-23","1203.29"
"Peru","2020-04-24","1165.57"
"Peru","2020-04-25","1558.71"
"Peru","2020-04-26","1698.43"
"Peru","2020-04-27","1767.71"
"Peru","2020-04-28","1907.57"
"Peru","2020-04-29","2097.29"
"Peru","2020-04-30","2294.57"
"Peru","2020-05-01","2687.29"
"Peru","2020-05-02","2457.57"
"Peru","2020-05-03","2630.14"
"Peru","2020-05-04","2667.57"
"Peru","2020-05-05","2857.00"
"Peru","2020-05-06","2983.71"
"Peru","2020-05-07","3078.57"
"Peru","2020-05-08","3055.43"
"Peru","2020-05-09","3211.57"
"Peru","2020-05-10","3054.14"
"Peru","2020-05-11","3064.29"
"Peru","2020-05-12","2981.43"
"Peru","2020-05-13","3069.86"
"Peru","2020-05-14","3154.00"
"Peru","2020-05-15","3235.43"
"Peru","2020-05-16","3360.86"
"Peru","2020-05-17","3566.57"
"Peru","2020-05-18","3730.14"
"Peru","2020-05-19","3917.71"
"Peru","2020-05-20","3959.14"
"Peru","2020-05-21","4023.57"
"Peru","2020-05-22","3886.14"
"Peru","2020-05-23","3887.57"
"Peru","2020-05-24","3955.14"
"Peru","2020-05-25","4149.43"
"Peru","2020-05-26","4324.00"
"Peru","2020-05-27","4555.00"
"Peru","2020-05-28","4715.71"
"Peru","2020-05-29","5226.71"
"Peru","2020-05-30","5702.43"
"Peru","2020-05-31","6359.57"
"Peru","2020-06-01","6580.00"
"Peru","2020-06-02","6916.29"
"Peru","2020-06-03","6144.14"
"Peru","2020-06-04","5917.00"
"Peru","2020-06-05","5587.86"
"Peru","2020-06-06","5155.29"
"Peru","2020-06-07","4577.00"
"Peru","2020-06-08","4236.71"
"Peru","2020-06-09","3653.00"
"Peru","2020-06-10","4272.71"
"Peru","2020-06-11","4512.86"
"Peru","2020-06-12","3912.57"
"Peru","2020-06-13","4141.57"
"Peru","2020-06-14","4745.86"
"Peru","2020-06-15","4756.57"
"Peru","2020-06-16","4774.29"
"Peru","2020-06-17","4583.57"
"Peru","2020-06-18","4228.57"
"Peru","2020-06-19","4733.86"
"Peru","2020-06-20","4369.86"
"Peru","2020-06-21","3600.00"
"Peru","2020-06-22","3493.57"
"Peru","2020-06-23","3379.14"
"Peru","2020-06-24","3397.29"
"Peru","2020-06-25","3459.14"
"Peru","2020-06-26","3491.29"
"Peru","2020-06-27","3521.57"
"Peru","2020-06-28","3497.57"
"Peru","2020-06-29","3559.71"
"Peru","2020-06-30","3486.14"
"Peru","2020-07-01","3398.29"
"Peru","2020-07-02","3343.14"
"Peru","2020-07-03","3319.29"
"Peru","2020-07-04","3298.71"
"Peru","2020-07-05","3328.43"
"Peru","2020-07-06","3334.00"
"Peru","2020-07-07","3437.86"
"Peru","2020-07-08","3490.57"
"Peru","2020-07-09","3492.00"
"Peru","2020-07-10","3435.29"
"Peru","2020-07-11","3375.71"
"Peru","2020-07-12","3372.57"
"Peru","2020-07-13","3488.57"
"Peru","2020-07-14","3512.71"
"Peru","2020-07-15","3548.57"
"Peru","2020-07-16","3591.14"
"Peru","2020-07-17","3698.71"
"Peru","2020-07-18","3827.14"
"Peru","2020-07-19","3894.86"
"Peru","2020-07-20","3936.86"
"Peru","2020-07-21","4031.43"
"Peru","2020-07-22","4114.14"
"Peru","2020-07-23","4215.71"
"Peru","2020-07-24","4346.29"
"Peru","2020-07-25","3780.14"
"Peru","2020-07-26","3195.86"
"Peru","2020-07-27","4576.57"
"Uruguay","2020-01-22","0.00"
"Uruguay","2020-01-23","0.00"
"Uruguay","2020-01-24","0.00"
"Uruguay","2020-01-25","0.00"
"Uruguay","2020-01-26","0.00"
"Uruguay","2020-01-27","0.00"
"Uruguay","2020-01-28","0.00"
"Uruguay","2020-01-29","0.00"
"Uruguay","2020-01-30","0.00"
"Uruguay","2020-01-31","0.00"
"Uruguay","2020-02-01","0.00"
"Uruguay","2020-02-02","0.00"
"Uruguay","2020-02-03","0.00"
"Uruguay","2020-02-04","0.00"
"Uruguay","2020-02-05","0.00"
"Uruguay","2020-02-06","0.00"
"Uruguay","2020-02-07","0.00"
"Uruguay","2020-02-08","0.00"
"Uruguay","2020-02-09","0.00"
"Uruguay","2020-02-10","0.00"
"Uruguay","2020-02-11","0.00"
"Uruguay","2020-02-12","0.00"
"Uruguay","2020-02-13","0.00"
"Uruguay","2020-02-14","0.00"
"Uruguay","2020-02-15","0.00"
"Uruguay","2020-02-16","0.00"
"Uruguay","2020-02-17","0.00"
"Uruguay","2020-02-18","0.00"
"Uruguay","2020-02-19","0.00"
"Uruguay","2020-02-20","0.00"
"Uruguay","2020-02-21","0.00"
"Uruguay","2020-02-22","0.00"
"Uruguay","2020-02-23","0.00"
"Uruguay","2020-02-24","0.00"
"Uruguay","2020-02-25","0.00"
"Uruguay","2020-02-26","0.00"
"Uruguay","2020-02-27","0.00"
"Uruguay","2020-02-28","0.00"
"Uruguay","2020-02-29","0.00"
"Uruguay","2020-03-01","0.00"
"Uruguay","2020-03-02","0.00"
"Uruguay","2020-03-03","0.00"
"Uruguay","2020-03-04","0.00"
"Uruguay","2020-03-05","0.00"
"Uruguay","2020-03-06","0.00"
"Uruguay","2020-03-07","0.00"
"Uruguay","2020-03-08","0.00"
"Uruguay","2020-03-09","0.00"
"Uruguay","2020-03-10","0.00"
"Uruguay","2020-03-11","0.00"
"Uruguay","2020-03-12","0.00"
"Uruguay","2020-03-13","0.57"
"Uruguay","2020-03-14","0.86"
"Uruguay","2020-03-15","1.14"
"Uruguay","2020-03-16","4.14"
"Uruguay","2020-03-17","7.14"
"Uruguay","2020-03-18","11.29"
"Uruguay","2020-03-19","13.43"
"Uruguay","2020-03-20","15.14"
"Uruguay","2020-03-21","18.43"
"Uruguay","2020-03-22","21.43"
"Uruguay","2020-03-23","19.00"
"Uruguay","2020-03-24","19.86"
"Uruguay","2020-03-25","19.71"
"Uruguay","2020-03-26","20.57"
"Uruguay","2020-03-27","23.43"
"Uruguay","2020-03-28","24.00"
"Uruguay","2020-03-29","21.57"
"Uruguay","2020-03-30","22.57"
"Uruguay","2020-03-31","21.29"
"Uruguay","2020-04-01","19.00"
"Uruguay","2020-04-02","18.71"
"Uruguay","2020-04-03","16.00"
"Uruguay","2020-04-04","13.86"
"Uruguay","2020-04-05","13.86"
"Uruguay","2020-04-06","13.57"
"Uruguay","2020-04-07","12.29"
"Uruguay","2020-04-08","15.14"
"Uruguay","2020-04-09","14.86"
"Uruguay","2020-04-10","15.43"
"Uruguay","2020-04-11","14.43"
"Uruguay","2020-04-12","13.57"
"Uruguay","2020-04-13","12.71"
"Uruguay","2020-04-14","12.71"
"Uruguay","2020-04-15","8.29"
"Uruguay","2020-04-16","7.14"
"Uruguay","2020-04-17","5.00"
"Uruguay","2020-04-18","5.29"
"Uruguay","2020-04-19","6.86"
"Uruguay","2020-04-20","7.43"
"Uruguay","2020-04-21","7.29"
"Uruguay","2020-04-22","8.00"
"Uruguay","2020-04-23","7.86"
"Uruguay","2020-04-24","7.86"
"Uruguay","2020-04-25","11.29"
"Uruguay","2020-04-26","11.14"
"Uruguay","2020-04-27","12.14"
"Uruguay","2020-04-28","11.71"
"Uruguay","2020-04-29","11.57"
"Uruguay","2020-04-30","12.29"
"Uruguay","2020-05-01","12.14"
"Uruguay","2020-05-02","8.00"
"Uruguay","2020-05-03","7.00"
"Uruguay","2020-05-04","5.29"
"Uruguay","2020-05-05","6.43"
"Uruguay","2020-05-06","6.14"
"Uruguay","2020-05-07","5.86"
"Uruguay","2020-05-08","6.57"
"Uruguay","2020-05-09","7.14"
"Uruguay","2020-05-10","7.43"
"Uruguay","2020-05-11","7.71"
"Uruguay","2020-05-12","6.71"
"Uruguay","2020-05-13","6.57"
"Uruguay","2020-05-14","5.71"
"Uruguay","2020-05-15","5.43"
"Uruguay","2020-05-16","4.43"
"Uruguay","2020-05-17","3.86"
"Uruguay","2020-05-18","3.71"
"Uruguay","2020-05-19","3.00"
"Uruguay","2020-05-20","3.86"
"Uruguay","2020-05-21","3.57"
"Uruguay","2020-05-22","3.00"
"Uruguay","2020-05-23","4.43"
"Uruguay","2020-05-24","5.00"
"Uruguay","2020-05-25","7.14"
"Uruguay","2020-05-26","7.29"
"Uruguay","2020-05-27","8.14"
"Uruguay","2020-05-28","8.86"
"Uruguay","2020-05-29","9.00"
"Uruguay","2020-05-30","8.14"
"Uruguay","2020-05-31","7.71"
"Uruguay","2020-06-01","5.43"
"Uruguay","2020-06-02","5.29"
"Uruguay","2020-06-03","3.57"
"Uruguay","2020-06-04","3.00"
"Uruguay","2020-06-05","2.57"
"Uruguay","2020-06-06","3.43"
"Uruguay","2020-06-07","3.14"
"Uruguay","2020-06-08","2.86"
"Uruguay","2020-06-09","2.86"
"Uruguay","2020-06-10","2.71"
"Uruguay","2020-06-11","2.14"
"Uruguay","2020-06-12","1.86"
"Uruguay","2020-06-13","0.29"
"Uruguay","2020-06-14","0.43"
"Uruguay","2020-06-15","0.43"
"Uruguay","2020-06-16","0.43"
"Uruguay","2020-06-17","0.29"
"Uruguay","2020-06-18","0.43"
"Uruguay","2020-06-19","0.86"
"Uruguay","2020-06-20","1.71"
"Uruguay","2020-06-21","4.00"
"Uruguay","2020-06-22","4.86"
"Uruguay","2020-06-23","5.14"
"Uruguay","2020-06-24","7.57"
"Uruguay","2020-06-25","8.14"
"Uruguay","2020-06-26","9.43"
"Uruguay","2020-06-27","9.29"
"Uruguay","2020-06-28","7.57"
"Uruguay","2020-06-29","7.14"
"Uruguay","2020-06-30","7.29"
"Uruguay","2020-07-01","5.86"
"Uruguay","2020-07-02","5.71"
"Uruguay","2020-07-03","4.71"
"Uruguay","2020-07-04","4.43"
"Uruguay","2020-07-05","3.86"
"Uruguay","2020-07-06","4.00"
"Uruguay","2020-07-07","4.14"
"Uruguay","2020-07-08","4.43"
"Uruguay","2020-07-09","4.29"
"Uruguay","2020-07-10","4.71"
"Uruguay","2020-07-11","4.43"
"Uruguay","2020-07-12","4.43"
"Uruguay","2020-07-13","4.14"
"Uruguay","2020-07-14","4.57"
"Uruguay","2020-07-15","5.00"
"Uruguay","2020-07-16","7.00"
"Uruguay","2020-07-17","7.43"
"Uruguay","2020-07-18","8.29"
"Uruguay","2020-07-19","9.57"
"Uruguay","2020-07-20","10.71"
"Uruguay","2020-07-21","14.14"
"Uruguay","2020-07-22","15.43"
"Uruguay","2020-07-23","16.43"
"Uruguay","2020-07-24","18.43"
"Uruguay","2020-07-25","18.57"
"Uruguay","2020-07-26","19.71"
"Uruguay","2020-07-27","19.71"
